suspectible,exposed,infected,carrier,dead,recovered
999997,0,0,3,0,0
999996,1,0,3,0,0
999994,3,0,3,0,0
999994,3,0,3,0,0
999992,5,0,3,0,0
999991,6,0,3,0,0
999991,6,0,3,0,0
999990,7,0,3,0,0
999990,4,2,4,0,0
999988,5,3,3,0,1
999987,6,3,3,0,1
999985,8,3,2,0,2
999984,9,3,2,0,2
999981,9,5,3,0,2
999980,8,7,3,0,2
999979,9,7,2,0,3
999977,9,7,2,0,5
999977,7,8,3,0,5
999976,6,9,4,0,5
999975,6,9,4,0,6
999972,7,11,4,0,6
999970,9,10,4,0,7
999968,10,10,4,0,8
999963,14,11,4,0,8
999961,13,13,4,0,9
999960,12,14,5,0,9
999959,10,16,5,0,10
999959,10,16,4,0,11
999957,8,20,4,0,11
999956,7,20,5,0,12
999954,7,20,6,0,13
999950,10,20,7,0,13
999947,13,20,7,0,13
999942,17,20,7,0,14
999937,19,20,10,0,14
999932,22,21,10,0,15
999928,24,21,11,0,16
999923,26,22,12,0,17
999920,24,26,11,0,19
999915,24,28,12,0,21
999912,21,31,12,0,24
999907,23,33,11,0,26
999900,27,35,12,0,26
999895,30,37,12,0,26
999891,29,37,11,0,32
999887,29,37,10,0,37
999881,33,39,10,0,37
999877,33,42,10,0,38
999870,32,47,9,0,42
999868,29,46,12,0,45
999859,31,49,15,0,46
999852,37,50,15,0,46
999845,40,51,13,0,51
999841,38,53,15,0,53
999837,37,54,15,0,57
999831,39,56,13,0,61
999825,39,58,16,0,62
999816,45,59,17,0,63
999807,47,64,17,0,65
999797,50,70,16,0,67
999793,50,73,15,0,69
999787,50,78,15,0,70
999779,50,80,15,0,76
999769,51,84,17,0,79
999762,48,87,18,0,85
999751,48,93,18,0,90
999744,45,96,19,0,96
999738,48,95,15,0,104
999721,58,100,16,0,105
999710,59,105,18,0,108
999700,59,106,18,0,117
999689,59,108,23,0,121
999675,66,104,24,0,131
999665,65,110,24,0,136
999658,63,114,22,0,143
999645,69,116,21,0,149
999633,67,118,26,0,156
999623,62,128,25,0,162
999611,67,130,24,0,168
999594,66,137,28,0,175
999580,73,136,26,1,184
999564,78,142,27,1,188
999554,73,149,28,1,195
999543,69,156,27,1,204
999528,73,158,27,1,213
999508,77,163,31,1,220
999487,90,164,29,1,229
999467,103,159,30,1,240
999452,106,163,30,1,248
999438,99,174,31,1,257
999419,106,177,28,1,269
999407,97,190,24,1,281
999389,101,193,26,1,290
999368,99,200,30,1,302
999352,95,204,36,1,312
999329,104,213,36,1,317
999306,111,210,35,1,337
999292,108,216,40,1,343
999271,113,221,40,1,354
999246,121,230,40,1,362
999223,122,244,40,1,370
999207,115,256,39,1,382
999190,115,259,39,1,396
999176,107,261,43,1,412
999156,100,270,45,1,428
999129,112,269,44,1,445
999104,122,262,43,1,468
999070,142,266,42,1,479
999048,137,278,41,1,495
999030,136,280,42,1,511
999011,133,289,43,1,523
998989,133,299,46,1,532
998965,130,310,43,2,550
998940,132,315,48,2,563
998914,138,319,49,2,578
998887,139,319,57,2,596
998857,145,323,57,2,616
998818,161,333,59,2,627
998787,171,333,61,2,646
998749,182,340,62,2,665
998715,185,349,61,3,687
998682,191,354,65,3,705
998665,185,357,65,3,725
998625,192,369,66,3,745
998585,198,382,65,3,767
998556,194,391,72,3,784
998520,195,406,72,3,804
998484,199,419,68,3,827
998448,210,416,68,3,855
998420,204,422,71,3,880
998383,211,441,70,3,892
998347,209,446,71,3,924
998297,228,461,74,3,937
998255,227,479,80,3,956
998207,247,484,75,4,983
998158,262,488,78,5,1009
998118,261,495,75,5,1046
998073,270,501,79,5,1072
998021,279,515,83,5,1097
997979,271,533,79,6,1132
997934,271,545,77,7,1166
997889,275,544,82,8,1202
997844,265,564,90,9,1228
997807,261,581,92,9,1250
997757,269,596,91,10,1277
997710,262,623,90,11,1304
997665,263,631,91,11,1339
997609,279,630,96,11,1375
997567,281,633,94,11,1414
997519,279,649,95,12,1446
997457,296,659,101,12,1475
997387,320,674,105,13,1501
997328,335,680,101,13,1543
997268,341,695,106,13,1577
997210,332,737,105,13,1603
997165,330,748,107,13,1637
997096,337,772,107,13,1675
997033,346,789,107,13,1712
996991,338,793,104,14,1760
996919,349,817,104,14,1797
996858,340,839,104,14,1845
996783,360,838,111,14,1894
996724,368,848,117,14,1929
996666,367,863,116,14,1974
996590,389,869,112,15,2025
996517,396,882,117,15,2073
996450,405,898,123,15,2109
996367,419,914,124,17,2159
996280,437,928,128,17,2210
996211,437,942,127,18,2265
996141,436,963,139,18,2303
996061,442,998,140,19,2340
995994,442,1000,144,19,2401
995913,450,1019,154,19,2445
995820,490,1024,154,19,2493
995717,514,1047,168,19,2535
995627,545,1040,164,19,2605
995533,551,1063,169,19,2665
995428,574,1082,172,19,2725
995317,593,1109,177,20,2784
995229,594,1134,182,20,2841
995123,605,1151,183,20,2918
995044,590,1181,189,23,2973
994956,562,1217,205,24,3036
994833,598,1229,208,26,3106
994704,617,1270,226,26,3157
994615,586,1311,238,26,3224
994486,618,1346,235,26,3289
994352,671,1357,227,26,3367
994228,700,1369,230,26,3447
994119,696,1400,246,26,3513
993982,717,1435,257,27,3582
993831,745,1487,268,27,3642
993665,799,1525,276,28,3707
993498,842,1563,274,29,3794
993352,862,1610,276,29,3871
993216,865,1644,288,29,3958
993072,861,1708,287,30,4042
992921,877,1745,276,31,4150
992779,864,1798,287,31,4241
992616,902,1823,292,32,4335
992461,918,1858,301,32,4430
992284,956,1900,308,32,4520
992125,965,1951,327,32,4600
991943,970,2035,334,33,4685
991763,1007,2065,343,34,4788
991561,1057,2084,357,35,4906
991366,1093,2135,364,36,5006
991181,1112,2163,379,38,5127
990961,1141,2218,387,38,5255
990754,1174,2265,391,40,5376
990547,1201,2306,408,40,5498
990341,1217,2371,409,40,5622
990127,1230,2448,412,42,5741
989898,1260,2518,421,43,5860
989664,1307,2576,423,43,5987
989437,1333,2634,438,43,6115
989216,1326,2702,437,45,6274
988987,1300,2788,458,45,6422
988748,1340,2852,472,46,6542
988495,1384,2909,472,46,6694
988237,1414,2957,469,46,6877
988016,1401,3022,486,47,7028
987744,1448,3092,490,50,7176
987487,1455,3172,494,50,7342
987222,1498,3218,501,51,7510
986946,1544,3268,500,51,7691
986641,1595,3326,527,52,7859
986342,1622,3386,559,53,8038
986051,1681,3448,562,53,8205
985749,1726,3511,577,54,8383
985454,1738,3556,593,55,8604
985117,1787,3647,614,58,8777
984776,1845,3704,636,59,8980
984419,1900,3794,655,61,9171
984071,1919,3916,662,61,9371
983711,1993,3957,690,62,9587
983352,2017,4065,719,64,9783
983007,2036,4168,729,65,9995
982639,2075,4255,744,66,10221
982234,2147,4323,765,69,10462
981790,2229,4419,797,73,10692
981347,2304,4537,813,75,10924
980913,2347,4676,825,75,11164
980494,2383,4801,855,76,11391
980011,2503,4897,873,79,11637
979528,2582,5039,874,80,11897
979073,2641,5154,890,84,12158
978622,2643,5315,911,85,12424
978142,2686,5443,931,89,12709
977704,2655,5604,974,93,12970
977200,2742,5727,987,95,13249
976678,2802,5854,1005,99,13562
976181,2847,5983,1017,101,13871
975597,2991,6119,1014,103,14176
975065,3036,6244,1049,105,14501
974490,3113,6402,1058,107,14830
973909,3168,6575,1083,110,15155
973347,3225,6719,1106,113,15490
972732,3242,6914,1162,117,15833
972116,3299,7077,1198,120,16190
971503,3388,7209,1226,123,16551
970832,3500,7305,1267,127,16969
970133,3642,7432,1294,131,17368
969465,3740,7618,1297,133,17747
968782,3812,7798,1329,136,18143
968079,3884,7979,1354,140,18564
967391,3902,8189,1400,147,18971
966641,3993,8396,1428,151,19391
965909,4063,8583,1457,152,19836
965168,4139,8778,1494,154,20267
964368,4216,9027,1519,157,20713
963565,4333,9211,1555,160,21176
962710,4519,9422,1585,163,21601
961847,4593,9608,1624,166,22162
960982,4718,9819,1615,170,22696
960136,4772,10094,1644,176,23178
959295,4801,10334,1677,183,23710
958417,4842,10565,1717,189,24270
957538,4897,10783,1756,193,24833
956592,5007,11017,1801,200,25383
955676,5075,11242,1808,204,25995
954716,5135,11546,1814,208,26581
953755,5193,11811,1857,212,27172
952862,5205,12041,1928,215,27749
951875,5330,12226,1981,219,28369
950832,5496,12440,2016,223,28993
949813,5570,12698,2058,227,29634
948746,5671,12930,2101,232,30320
947729,5749,13154,2122,238,31008
946621,5890,13416,2153,241,31679
945509,6035,13609,2171,250,32426
944418,6117,13847,2187,252,33179
943195,6333,14092,2214,259,33907
942039,6434,14334,2240,269,34684
940856,6506,14671,2253,274,35440
939588,6645,14995,2316,279,36177
938331,6746,15271,2366,290,36996
937078,6829,15629,2404,297,37763
935796,6917,15969,2456,304,38558
934509,7008,16317,2495,313,39358
933212,7124,16590,2544,321,40209
931827,7271,16932,2603,326,41041
930497,7330,17281,2677,331,41884
929102,7422,17619,2719,338,42800
927642,7518,17976,2804,346,43714
926179,7672,18330,2832,352,44635
924721,7853,18545,2885,359,45637
923221,8043,18866,2932,371,46567
921723,8180,19165,2998,381,47553
920230,8229,19533,3060,393,48555
918630,8322,19939,3111,403,49595
916953,8578,20229,3134,410,50696
915305,8806,20516,3204,422,51747
913668,8895,20884,3253,430,52870
912016,8974,21240,3331,439,54000
910331,9085,21627,3406,443,55108
908566,9247,21981,3469,452,56285
906789,9435,22325,3547,459,57445
904955,9548,22781,3606,462,58648
903135,9657,23215,3674,470,59849
901182,9910,23607,3752,478,61071
899204,10160,24025,3826,492,62293
897302,10367,24398,3855,499,63579
895341,10428,24848,3949,510,64924
893391,10501,25322,4051,519,66216
891343,10636,25773,4138,533,67577
889272,10795,26263,4250,549,68871
887148,11058,26677,4294,562,70261
885070,11158,27068,4410,570,71724
882879,11327,27576,4486,580,73152
880623,11545,28085,4508,592,74647
878376,11734,28616,4530,602,76142
876170,11866,29094,4621,613,77636
873892,11989,29589,4681,621,79228
871544,12171,30050,4766,634,80835
869154,12438,30424,4832,647,82505
866803,12550,30965,4941,658,84083
864414,12677,31458,5025,672,85754
861931,12840,31948,5095,685,87501
859498,12911,32451,5203,700,89237
856967,13062,33009,5308,714,90940
854473,13107,33539,5425,733,92723
851808,13429,34047,5495,748,94473
849216,13625,34444,5554,767,96394
846555,13795,35085,5636,782,98147
843861,13962,35586,5679,794,100118
841172,14173,36091,5737,807,102020
838504,14329,36554,5814,820,103979
835720,14517,37059,5860,837,106007
832902,14602,37551,5976,851,108118
830115,14709,38072,6072,867,110165
827259,14877,38629,6113,880,112242
824345,15039,39161,6218,894,114343
821421,15282,39666,6247,916,116468
818513,15412,40218,6328,932,118597
815614,15358,40877,6428,950,120773
812644,15491,41392,6531,967,122975
809624,15775,41796,6522,985,125298
806677,15836,42336,6636,1005,127510
803571,15960,42933,6792,1017,129727
800390,16105,43605,6810,1033,132057
797240,16176,44264,6841,1048,134431
794078,16375,44734,6919,1068,136826
790905,16533,45150,7032,1093,139287
787702,16662,45658,7122,1106,141750
784418,16799,46236,7180,1133,144234
781127,16951,46753,7257,1155,146757
777757,17110,47258,7377,1178,149320
774458,17255,47733,7396,1200,151958
771201,17330,48214,7416,1224,154615
767940,17288,48696,7519,1240,157317
764477,17465,49204,7572,1257,160025
761095,17509,49753,7610,1282,162751
757704,17661,50183,7665,1299,165488
754251,17799,50671,7713,1326,168240
750805,17838,51269,7750,1349,170989
747301,18039,51670,7780,1370,173840
743786,18162,52099,7878,1390,176685
740344,18127,52475,7935,1406,179713
736854,18236,52934,7956,1425,182595
733343,18294,53368,8011,1447,185537
729843,18400,53713,8060,1476,188508
726249,18508,54131,8172,1512,191428
722695,18628,54424,8222,1536,194495
719160,18607,54876,8255,1556,197546
715625,18595,55248,8266,1585,200681
712097,18707,55517,8289,1617,203773
708672,18751,55778,8219,1644,206936
705103,18856,56013,8242,1674,210112
701575,18880,56219,8259,1691,213376
698160,18631,56592,8329,1724,216564
694673,18571,56878,8382,1754,219742
691188,18447,57111,8485,1773,222996
687725,18483,57195,8499,1810,226288
684225,18462,57392,8538,1831,229552
680761,18413,57589,8559,1864,232814
677142,18626,57567,8539,1884,236242
673599,18618,57722,8535,1912,239614
670161,18725,57753,8493,1941,242927
666727,18530,57971,8450,1967,246355
663327,18343,58219,8507,1996,249608
659898,18221,58405,8482,2032,252962
656525,18186,58418,8455,2072,256344
653144,18109,58516,8370,2100,259761
649827,17989,58536,8385,2127,263136
646312,18057,58600,8379,2153,266499
643007,17984,58565,8322,2183,269939
639798,17741,58561,8307,2218,273375
636490,17632,58580,8276,2241,276781
633015,17844,58476,8215,2268,280182
629675,17798,58488,8225,2298,283516
626416,17613,58488,8197,2330,286956
623254,17411,58383,8276,2347,290329
619990,17340,58354,8269,2378,293669
616878,17145,58214,8187,2401,297175
613720,17141,57960,8148,2439,300592
610585,17013,57806,8090,2463,304043
607490,16855,57691,8056,2487,307421
604390,16788,57448,8019,2517,310838
601252,16760,57293,8028,2544,314123
598191,16668,56948,8027,2581,317585
595159,16551,56652,7958,2609,321071
592260,16331,56456,7885,2633,324435
589339,16153,56212,7796,2658,327842
586421,15969,55990,7752,2686,331182
583518,15888,55662,7647,2715,334570
580694,15793,55333,7584,2743,337853
577856,15623,54954,7574,2779,341214
575117,15385,54729,7516,2812,344441
572290,15345,54344,7510,2837,347674
569487,15257,53984,7440,2855,350977
566702,15153,53549,7396,2883,354317
564004,15036,53135,7299,2911,357615
561318,14845,52686,7256,2934,360961
558769,14627,52334,7162,2961,364147
556084,14526,51981,7056,2988,367365
553447,14495,51529,6998,3012,370519
550993,14221,51169,6957,3034,373626
548522,14018,50802,6868,3058,376732
546110,13784,50445,6776,3082,379803
543758,13582,49937,6657,3112,382954
541271,13533,49369,6607,3130,386090
538907,13423,48790,6519,3152,389209
536575,13251,48351,6439,3176,392208
534390,12980,47800,6414,3202,395214
532106,12938,47340,6319,3232,398065
529850,12790,46914,6234,3262,400950
527712,12520,46462,6206,3290,403810
525504,12380,45968,6119,3313,406716
523374,12294,45406,6021,3334,409571
521184,12156,44880,5993,3364,412423
519042,12090,44405,5955,3381,415127
517106,11778,43886,5865,3398,417967
515160,11532,43530,5775,3424,420579
513099,11446,43020,5692,3436,423307
511133,11394,42419,5569,3459,426026
509177,11258,41840,5487,3483,428755
507313,11053,41326,5412,3505,431391
505504,10841,40743,5380,3535,433997
503569,10717,40244,5318,3556,436596
501727,10613,39797,5227,3583,439053
499948,10496,39212,5100,3611,441633
498243,10228,38748,5054,3629,444098
496515,10100,38203,4933,3657,446592
494869,9835,37775,4893,3679,448949
493219,9737,37286,4791,3698,451269
491567,9613,36849,4742,3714,453515
490016,9382,36350,4718,3732,455802
488383,9360,35791,4620,3763,458083
486825,9138,35384,4575,3773,460305
485323,8947,34999,4537,3784,462410
483833,8841,34416,4461,3802,464647
482362,8724,33895,4339,3820,466860
480930,8584,33415,4238,3833,469000
479480,8419,32988,4184,3847,471082
478039,8359,32502,4111,3870,473119
476626,8341,31935,4033,3887,475178
475305,8194,31449,3961,3908,477183
473976,8024,30931,3916,3934,479219
472725,7856,30441,3823,3947,481208
471405,7815,29925,3715,3958,483182
470174,7623,29491,3648,3971,485093
468993,7414,29035,3606,3991,486961
467839,7249,28564,3545,4005,488798
466707,7034,28136,3516,4021,490586
465556,6892,27761,3468,4037,492286
464420,6794,27276,3386,4049,494075
463313,6647,26857,3331,4062,495790
462202,6643,26373,3260,4075,497447
461141,6530,25922,3205,4088,499114
460128,6368,25448,3169,4102,500785
459060,6321,25021,3144,4111,502343
458028,6213,24607,3080,4125,503947
457036,6105,24135,3012,4138,505574
456092,5984,23669,2928,4149,507178
455149,5850,23271,2875,4166,508689
454181,5801,22885,2786,4174,510173
453304,5659,22404,2758,4184,511691
452431,5497,22023,2714,4195,513140
451554,5380,21635,2658,4206,514567
450685,5320,21269,2576,4221,515929
449864,5185,20928,2508,4234,517281
449038,5072,20552,2469,4245,518624
448239,4985,20142,2445,4256,519933
447438,4985,19644,2415,4266,521252
446681,4882,19287,2398,4273,522479
445925,4765,18915,2379,4287,523729
445157,4677,18579,2331,4296,524960
444430,4562,18193,2295,4307,526213
443713,4490,17893,2215,4316,527373
442994,4441,17522,2153,4330,528560
442319,4354,17216,2116,4338,529657
441650,4258,16944,2061,4343,530744
440970,4235,16591,2000,4351,531853
440332,4133,16293,1970,4360,532912
439723,3980,15998,1936,4368,533995
439117,3887,15703,1873,4377,535043
438448,3888,15430,1857,4387,535990
437871,3781,15171,1808,4398,536971
437306,3642,14945,1755,4408,537944
436773,3566,14622,1703,4418,538918
436257,3442,14305,1658,4424,539914
435714,3379,14017,1623,4431,540836
435190,3261,13812,1594,4444,541699
434646,3285,13515,1552,4451,542551
434173,3137,13283,1528,4459,543420
433678,3099,13007,1504,4468,544244
433231,3008,12786,1446,4474,545055
432777,2930,12515,1421,4481,545876
432297,2867,12251,1375,4486,546724
431866,2801,11984,1373,4494,547482
431389,2818,11684,1333,4502,548274
430958,2754,11402,1317,4512,549057
430534,2720,11160,1268,4520,549798
430130,2690,10888,1251,4526,550515
429749,2582,10691,1233,4531,551214
429351,2514,10454,1228,4538,551915
428949,2469,10244,1202,4542,552594
428530,2485,9989,1186,4549,553261
428165,2423,9782,1152,4556,553922
427772,2399,9587,1145,4560,554537
427396,2383,9363,1131,4567,555160
427043,2322,9159,1133,4570,555773
426685,2278,8987,1097,4570,556383
426320,2269,8808,1067,4575,556961
425986,2215,8633,1068,4583,557515
425657,2112,8533,1067,4588,558043
425330,2061,8341,1056,4592,558620
424974,2064,8185,1034,4598,559145
424645,2004,8036,1026,4604,559685
424371,1938,7830,1002,4610,560249
424060,1938,7650,989,4614,560749
423799,1858,7500,955,4615,561273
423506,1855,7342,914,4620,561763
423248,1779,7211,872,4623,562267
422978,1747,7026,864,4626,562759
422705,1680,6885,847,4627,563256
422406,1683,6723,809,4634,563745
422137,1652,6647,771,4639,564154
421876,1611,6577,736,4639,564561
421652,1579,6423,724,4644,564978
421414,1550,6291,727,4648,565370
421187,1518,6173,707,4651,565764
420987,1458,6051,702,4653,566149
420783,1372,5959,683,4658,566545
420585,1312,5837,667,4659,566940
420366,1297,5719,652,4662,567304
420181,1245,5602,625,4663,567684
419983,1227,5457,599,4666,568068
419793,1215,5315,579,4671,568427
419614,1198,5198,555,4674,568761
419412,1179,5069,556,4678,569106
419239,1166,4958,537,4679,569421
419071,1102,4869,533,4681,569744
418894,1108,4764,522,4682,570030
418720,1096,4647,521,4684,570332
418544,1071,4534,518,4687,570646
418360,1064,4435,517,4692,570932
418194,1049,4362,499,4693,571203
418029,1055,4223,485,4695,571513
417879,1034,4111,480,4699,571797
417736,1022,4023,471,4700,572048
417581,1006,3966,450,4702,572295
417442,960,3887,450,4702,572559
417309,941,3809,441,4704,572796
417152,942,3735,419,4707,573045
417039,889,3677,402,4707,573286
416909,848,3609,388,4711,573535
416765,837,3541,369,4713,573775
416622,840,3457,368,4716,573997
416507,820,3364,372,4720,574217
416384,813,3298,371,4720,574414
416280,779,3220,367,4723,574631
416159,758,3152,362,4725,574844
416060,742,3075,345,4725,575053
415934,718,3040,343,4725,575240
415816,713,2985,343,4725,575418
415709,709,2906,342,4727,575607
415586,704,2841,334,4732,575803
415482,707,2767,330,4734,575980
415385,669,2713,331,4735,576167
415280,657,2663,318,4736,576346
415188,649,2611,304,4737,576511
415100,626,2568,301,4739,576666
415014,600,2512,298,4740,576836
414928,573,2451,292,4745,577011
414839,569,2392,281,4747,577172
414756,551,2354,281,4749,577309
414659,562,2285,284,4754,577456
414557,579,2226,281,4754,577603
414470,579,2149,271,4754,577777
414384,565,2129,259,4754,577909
414304,561,2080,254,4756,578045
414235,523,2030,255,4757,578200
414165,505,1979,240,4760,578351
414100,479,1946,239,4762,578474
414033,461,1916,231,4764,578595
413963,443,1883,221,4764,578726
413909,410,1844,222,4767,578848
413850,389,1805,212,4767,578977
413790,376,1781,204,4767,579082
413727,382,1734,196,4770,579191
413651,390,1706,194,4772,579287
413608,373,1658,188,4774,579399
413554,363,1614,177,4775,579517
413489,367,1571,178,4776,579619
413427,373,1527,175,4776,579722
413374,373,1476,168,4776,579833
413327,367,1430,163,4777,579936
413283,349,1398,158,4778,580034
413227,345,1370,158,4778,580122
413185,322,1333,156,4779,580225
413126,341,1295,153,4779,580306
413083,329,1266,161,4781,580380
413029,323,1231,159,4781,580477
412981,313,1224,147,4781,580554
412945,296,1197,146,4782,580634
412899,292,1177,138,4783,580711
412860,270,1159,138,4784,580789
412823,260,1145,134,4785,580853
412781,259,1109,132,4788,580931
412745,257,1097,125,4788,580988
412702,251,1082,119,4788,581058
412659,247,1058,116,4789,581131
412618,249,1027,111,4791,581204
412581,249,998,103,4791,581278
412553,243,981,95,4793,581335
412522,234,955,95,4793,581401
412499,222,928,90,4793,581468
412461,222,894,87,4795,581541
412436,198,887,95,4796,581588
412413,190,861,95,4796,581645
412370,200,846,94,4796,581694
412340,196,823,94,4797,581750
412311,188,807,94,4797,581803
412274,190,790,91,4797,581858
412249,187,765,96,4797,581906
412222,179,750,90,4798,581961
412197,176,735,84,4799,582009
412186,156,728,80,4799,582051
412158,157,708,82,4799,582096
412140,152,692,73,4799,582144
412118,141,682,76,4799,582184
412092,140,657,76,4799,582236
412068,144,636,68,4800,582284
412050,143,617,66,4800,582324
412037,130,599,67,4800,582367
412012,141,586,57,4801,582403
411995,126,579,63,4801,582436
411975,120,562,67,4802,582474
411947,128,541,64,4803,582517
411925,133,515,66,4804,582557
411907,127,512,62,4804,582588
411881,135,503,59,4804,582618
411865,132,493,53,4804,582653
411857,117,484,55,4804,582683
411849,106,463,57,4804,582721
411826,107,454,56,4804,582753
411812,105,442,54,4804,582783
411804,100,428,52,4804,582812
411788,97,420,49,4805,582841
411778,90,412,47,4805,582868
411767,82,411,49,4805,582886
411748,83,410,47,4806,582906
411733,83,402,47,4806,582929
411718,86,390,44,4807,582955
411709,82,374,44,4807,582984
411696,84,358,39,4807,583016
411687,78,353,39,4807,583036
411677,75,334,40,4807,583067
411665,75,329,40,4807,583084
411654,76,308,40,4807,583115
411640,79,305,40,4807,583129
411634,77,295,35,4807,583152
411624,79,280,38,4807,583172
411615,75,268,39,4807,583196
411598,79,264,38,4807,583214
411585,75,256,38,4807,583239
411575,69,254,38,4807,583257
411560,70,250,35,4807,583278
411549,70,244,33,4807,583297
411539,72,234,32,4809,583314
411530,72,227,33,4809,583329
411519,70,223,32,4809,583347
411510,63,224,33,4809,583361
411500,61,223,33,4810,583373
411489,61,219,34,4810,583387
411475,63,222,30,4810,583400
411469,51,222,35,4810,583413
411458,49,221,32,4810,583430
411449,51,212,32,4810,583446
411445,48,208,31,4810,583458
411437,47,203,28,4810,583475
411431,43,204,27,4811,583484
411427,42,197,26,4811,583497
411422,42,192,26,4811,583507
411412,45,184,25,4811,583523
411408,42,182,25,4811,583532
411402,37,180,26,4811,583544
411393,42,173,24,4811,583557
411388,39,169,24,4811,583569
411379,44,161,24,4811,583581
411373,41,159,21,4811,583595
411368,36,159,18,4811,583608
411364,37,152,17,4811,583619
411361,36,144,15,4811,583633
411355,34,145,18,4811,583637
411349,37,133,18,4811,583652
411342,38,135,18,4811,583656
411335,41,126,19,4811,583668
411331,40,124,19,4811,583675
411320,44,123,22,4811,583680
411311,45,123,21,4811,583689
411302,47,125,20,4811,583695
411300,41,124,22,4811,583702
411297,37,120,23,4811,583712
411290,42,115,24,4811,583718
411284,40,118,22,4811,583725
411279,37,118,21,4811,583734
411271,35,119,22,4811,583742
411268,31,117,23,4811,583750
411261,32,117,25,4811,583754
411255,33,117,24,4811,583760
411245,37,114,25,4812,583767
411239,38,106,25,4812,583780
411234,40,107,21,4812,583786
411228,43,100,22,4812,583795
411223,40,104,22,4812,583799
411214,42,106,23,4812,583803
411210,38,109,22,4812,583809
411203,35,114,19,4812,583817
411200,32,110,20,4813,583825
411193,35,110,15,4813,583834
411187,35,111,14,4813,583840
411186,30,113,13,4813,583845
411184,28,109,14,4813,583852
411181,30,106,11,4813,583859
411173,32,103,13,4813,583866
411169,28,108,13,4813,583869
411167,27,105,13,4813,583875
411162,26,101,15,4813,583883
411160,24,101,16,4813,583886
411153,27,100,16,4813,583891
411149,25,99,17,4813,583897
411147,19,99,16,4813,583906
411142,21,101,14,4813,583909
411135,26,97,14,4813,583915
411129,27,94,13,4813,583924
411125,28,93,11,4813,583930
411120,25,91,14,4814,583936
411118,22,92,14,4814,583940
411113,23,94,12,4814,583944
411110,19,95,16,4814,583946
411107,21,87,14,4814,583957
411105,19,86,15,4814,583961
411101,19,85,15,4814,583966
411100,17,84,13,4814,583972
411099,16,82,13,4814,583976
411093,19,79,13,4814,583982
411090,21,79,11,4814,583985
411086,17,80,13,4814,583990
411085,17,76,11,4814,583997
411081,20,71,9,4814,584005
411080,14,73,9,4814,584010
411078,14,73,9,4814,584012
411076,12,72,9,4814,584017
411071,18,68,7,4814,584022
411069,19,65,5,4814,584028
411068,19,64,5,4814,584030
411065,19,62,6,4814,584034
411065,18,58,6,4814,584039
411062,16,55,8,4814,584045
411062,12,54,9,4814,584049
411058,14,52,7,4814,584055
411056,11,54,7,4814,584058
411054,11,52,8,4814,584061
411051,10,50,8,4814,584067
411050,7,54,8,4814,584067
411046,11,53,8,4814,584068
411044,13,49,8,4814,584072
411040,16,48,6,4814,584076
411036,18,45,5,4814,584082
411034,16,45,7,4814,584084
411033,12,44,9,4814,584088
411028,15,44,10,4814,584089
411027,14,45,9,4814,584091
411024,15,42,9,4814,584096
411024,12,42,8,4814,584100
411021,11,43,9,4814,584102
411021,10,42,7,4814,584106
411017,13,43,7,4814,584106
411014,14,43,6,4814,584109
411013,15,42,5,4814,584111
411012,14,43,5,4814,584112
411012,14,38,3,4814,584119
411010,14,39,3,4814,584120
411010,12,39,4,4814,584121
411010,10,39,3,4814,584124
411010,6,42,4,4814,584124
411008,7,42,4,4814,584125
411007,7,41,4,4814,584127
411007,5,42,3,4814,584129
411007,3,41,4,4814,584131
411003,7,38,4,4814,584134
411003,6,35,4,4814,584138
411002,7,35,4,4814,584138
411002,5,36,3,4814,584140
411001,6,33,3,4814,584143
410998,9,33,3,4814,584143
410998,9,30,2,4814,584147
410998,7,29,3,4814,584149
410997,6,28,2,4814,584153
410997,5,28,2,4814,584154
410997,3,28,2,4814,584156
410998,3,25,1,4814,584159
410998,3,22,1,4814,584162
410997,3,22,1,4814,584163
410997,2,23,1,4814,584163
410997,1,24,1,4814,584163
410997,1,24,0,4814,584164
410997,1,23,0,4814,584165
410997,0,23,0,4814,584166
410997,0,22,0,4814,584167
410997,0,20,0,4814,584169
410997,0,17,0,4814,584172
410997,0,15,0,4814,584174
410997,0,14,0,4814,584175
410997,0,14,0,4814,584175
410997,0,13,0,4814,584176
410996,1,11,0,4814,584178
410996,1,10,0,4814,584179
410996,1,9,0,4814,584180
410996,1,8,0,4814,584181
410996,1,7,0,4814,584182
410996,1,6,0,4814,584183
410996,1,6,0,4814,584183
410996,1,5,0,4814,584184
410996,1,5,0,4814,584184
410996,0,6,0,4814,584184
410996,0,6,0,4814,584184
410996,0,5,0,4814,584185
410996,0,5,0,4814,584185
410996,0,5,0,4814,584185
410996,0,5,0,4814,584185
410995,1,5,0,4814,584185
410995,1,4,0,4814,584186
410995,1,3,0,4814,584187
410995,1,2,0,4814,584188
410995,1,2,0,4814,584188
410995,1,1,0,4814,584189
410994,1,2,0,4814,584189
410994,1,2,0,4814,584189
410994,1,2,0,4814,584189
410993,2,2,0,4814,584189
410993,2,2,0,4814,584189
410993,2,2,0,4814,584189
410993,2,2,0,4814,584189
410993,2,2,0,4814,584189
410993,0,4,0,4814,584189
410993,0,4,0,4814,584189
410993,0,4,0,4814,584189
410993,0,4,0,4814,584189
410993,0,4,0,4814,584189
410993,0,4,0,4814,584189
410993,0,4,0,4814,584189
410993,0,4,0,4814,584189
410993,0,4,0,4814,584189
410993,0,3,0,4814,584190
410992,1,3,0,4814,584190
410992,1,3,0,4814,584190
410992,1,3,0,4814,584190
410992,0,3,0,4814,584191
410992,0,3,0,4814,584191
410992,0,3,0,4814,584191
410992,0,3,0,4814,584191
410992,0,3,0,4814,584191
410992,0,2,0,4814,584192
410992,0,2,0,4814,584192
410992,0,2,0,4814,584192
410992,0,2,0,4814,584192
410992,0,2,0,4814,584192
410992,0,2,0,4814,584192
410992,0,2,0,4814,584192
410992,0,2,0,4814,584192
410992,0,2,0,4814,584192
410992,0,2,0,4814,584192
410992,0,2,0,4814,584192
410992,0,0,0,4814,584194
